[
  {
    "line": 2,
    "elements": [
      {
        "line": 6,
        "name": "Login Icompass with valid credentials",
        "description": "",
        "id": "multiple-scenario-testing;login-icompass-with-valid-credentials",
        "type": "scenario",
        "keyword": "Scenario",
        "steps": [
          {
            "result": {
              "duration": 8677523600,
              "status": "passed"
            },
            "line": 8,
            "name": "Navaigate to icomapss URL",
            "match": {
              "location": "StepDefination.navaigate_to_icomapss_URL()"
            },
            "keyword": "Given "
          },
          {
            "result": {
              "duration": 195996800,
              "status": "passed"
            },
            "line": 9,
            "name": "User Enter Valid username \"190118\" and valid password \"Love*Care\"",
            "match": {
              "arguments": [
                {
                  "val": "190118",
                  "offset": 27
                },
                {
                  "val": "Love*Care",
                  "offset": 55
                }
              ],
              "location": "StepDefination.user_Enter_Valid_username_and_valid_password(String,String)"
            },
            "keyword": "When "
          },
          {
            "result": {
              "duration": 273295500,
              "status": "passed"
            },
            "line": 10,
            "name": "Login successfully",
            "match": {
              "location": "StepDefination.login_successfully()"
            },
            "keyword": "Then "
          }
        ]
      },
      {
        "line": 14,
        "name": "Display Climate Details",
        "description": "",
        "id": "multiple-scenario-testing;display-climate-details",
        "type": "scenario",
        "keyword": "Scenario",
        "steps": [
          {
            "result": {
              "duration": 5669246100,
              "status": "passed"
            },
            "line": 16,
            "name": "Navaigate to Google URL",
            "match": {
              "location": "StepDefination.navaigate_to_Google_URL()"
            },
            "keyword": "Given "
          },
          {
            "result": {
              "duration": 3694598000,
              "status": "passed"
            },
            "line": 17,
            "name": "User Enter input \"chennai climate\"",
            "match": {
              "arguments": [
                {
                  "val": "chennai climate",
                  "offset": 18
                }
              ],
              "location": "StepDefination.user_Enter_input(String)"
            },
            "keyword": "When "
          },
          {
            "result": {
              "duration": 2327517100,
              "status": "passed"
            },
            "line": 18,
            "name": "Climate details Display",
            "match": {
              "location": "StepDefination.climate_details_Display()"
            },
            "keyword": "Then "
          }
        ]
      },
      {
        "line": 20,
        "name": "Display Google Images",
        "description": "",
        "id": "multiple-scenario-testing;display-google-images",
        "type": "scenario",
        "keyword": "Scenario",
        "steps": [
          {
            "result": {
              "duration": 7470788100,
              "status": "passed"
            },
            "line": 22,
            "name": "Navaigate to Google URL",
            "match": {
              "location": "StepDefination.navaigate_to_Google_URL()"
            },
            "keyword": "Given "
          },
          {
            "result": {
              "duration": 1234034200,
              "status": "passed"
            },
            "line": 23,
            "name": "User click on Image Link",
            "match": {
              "location": "StepDefination.user_click_on_Image_Link()"
            },
            "keyword": "When "
          },
          {
            "result": {
              "duration": 68400,
              "status": "passed"
            },
            "line": 24,
            "name": "Display Image Page",
            "match": {
              "location": "StepDefination.display_Image_Page()"
            },
            "keyword": "Then "
          }
        ]
      }
    ],
    "name": "Multiple Scenario testing",
    "description": "",
    "id": "multiple-scenario-testing",
    "keyword": "Feature",
    "uri": "C:/BDD WorkSpace/BDD_Tags_Demo/src/login.feature",
    "tags": [
      {
        "line": 1,
        "name": "@SmokeTest"
      }
    ]
  }
]